20180060,Andrei Nowell,Ong,avatar_0.png,09091234561,ong andrei nowell.cs@gmail.com,Ong20180060,active,2018-6-4 7:48:00
20180066,Jeruzael ,Dumale,avatar_0.png,09091234562,dumale jeruzael .cs@gmail.com,Dumale20180066,active,2018-6-4 7:48:01
20180323,Troy ,Exclamado,avatar_0.png,09091234563,exclamado troy .cs@gmail.com,Exclamado20180323,active,2018-6-4 7:48:02
20180344,Porral,Jacqueline,avatar_0.png,09091234561,jacqueline porral.cs@gmail.com,Jacqueline20180344,active,2018-6-4 7:48:03
20180374,Kent ,Ballesteros,avatar_0.png,09091234562,ballesteros kent .cs@gmail.com,Ballesteros20180374,deactivated,2018-6-4 7:48:04
20180391,Cabullo,Danica,avatar_0.png,09091234563,danica cabullo.cs@gmail.com,Danica20180391,active,2018-6-4 7:48:05
20180502,Alexander ,Caberto,avatar_0.png,09091234561,caberto alexander .cs@gmail.com,Caberto20180502,active,2018-6-4 7:48:06
20180531,Gerald ,Chavez,avatar_0.png,09091234562,chavez gerald .cs@gmail.com,Chavez20180531,active,2018-6-4 7:48:07
20190586,Roger Moore,Sangol,avatar_0.png,09091234563,sangol roger moore.cs@gmail.com,Sangol20190586,active,2019-6-4 7:48:08
20190700,Jade Ivan,Ibarra,avatar_0.png,09091234561,ibarra jade ivan.cs@gmail.com,Ibarra20190700,deactivated,2019-6-4 7:48:09
20190719,Kenny Lloyd,Castillo,avatar_0.png,09091234562,castillo kenny lloyd.cs@gmail.com,Castillo20190719,active,2019-6-4 7:48:10
20190791,Christopher ,Calleja,avatar_0.png,09091234563,calleja christopher .cs@gmail.com,Calleja20190791,active,2019-6-4 7:48:11
20190800,Jeffrix ,Briol,avatar_0.png,09091234561,briol jeffrix .cs@gmail.com,Briol20190800,active,2019-6-4 7:48:12
20190981,Khyle Andrei,Remolona,avatar_0.png,09091234562,remolona khyle andrei.cs@gmail.com,Remolona20190981,active,2019-6-4 7:48:13
20190987,Zhyrex ,Canino,avatar_0.png,09091234563,canino zhyrex .cs@gmail.com,Canino20190987,active,2019-6-4 7:48:14
20190996,Charles Daniel,Turiaga,avatar_0.png,09091234561,turiaga charles daniel.cs@gmail.com,Turiaga20190996,active,2019-6-4 7:48:15
20201060,Carlo ,Diaz,avatar_0.png,09091234562,diaz carlo .cs@gmail.com,Diaz20201060,active,2020-6-4 7:48:16
20201065,Jaymar ,Walohan,avatar_0.png,09091234563,walohan jaymar .cs@gmail.com,Walohan20201065,active,2020-6-4 7:48:17
20201071,Napoto,Gabrielle,avatar_0.png,09091234561,gabrielle napoto.cs@gmail.com,Gabrielle20201071,active,2020-6-4 7:48:18
20201094,Espinola,Demverleen,avatar_0.png,09091234562,demverleen espinola.cs@gmail.com,Demverleen20201094,active,2020-6-4 7:48:19
20201105,Sean Kim,Ebarle,avatar_0.png,09091234563,ebarle sean kim.cs@gmail.com,Ebarle20201105,active,2020-6-4 7:48:20
20201112,Karl Aldrinne,Sebastian,avatar_0.png,09091234561,sebastian karl aldrinne.cs@gmail.com,Sebastian20201112,active,2020-6-4 7:48:21
20201115,Efrhaim Jay,Riate,avatar_0.png,09091234562,riate efrhaim jay.cs@gmail.com,Riate20201115,active,2020-6-4 7:48:22
20211131,Demzil Ian,Zamora,avatar_0.png,09091234563,zamora demzil ian.cs@gmail.com,Zamora20211131,active,2021-6-4 7:48:23
20211136,John Ralph,Sila,avatar_0.png,09091234561,sila john ralph.cs@gmail.com,Sila20211136,active,2021-6-4 7:48:24
20211155,Kevin ,Corpin,avatar_0.png,09091234562,corpin kevin .cs@gmail.com,Corpin20211155,active,2021-6-4 7:48:25
20211172,Maglangit,Trizhalyn,avatar_0.png,09091234563,trizhalyn maglangit.cs@gmail.com,Trizhalyn20211172,active,2021-6-4 7:48:26
20211181,Billy Jou,Nillos,avatar_0.png,09091234561,nillos billy jou.cs@gmail.com,Nillos20211181,active,2021-6-4 7:48:27
20211251,Edriane ,Barcita,avatar_0.png,09091234562,barcita edriane .cs@gmail.com,Barcita20211251,active,2021-6-4 7:48:28
20211285,Mikkie ,Gregorio,avatar_0.png,09091234563,gregorio mikkie .cs@gmail.com,Gregorio20211285,active,2021-6-4 7:48:29
20221299,Ba-alan,Nikki,avatar_0.png,09091234561,nikki ba-alan.cs@gmail.com,Nikki20221299,active,2022-6-4 7:48:30
20221309,John Paul,Quia,avatar_0.png,09091234562,quia john paul.cs@gmail.com,Quia20221309,active,2022-6-4 7:48:31
20221323,John Lloyd,Igharas,avatar_0.png,09091234563,igharas john lloyd.cs@gmail.com,Igharas20221323,active,2022-6-4 7:48:32
20221367,Jerecho ,Jolo,avatar_0.png,09091234561,jolo jerecho .cs@gmail.com,Jolo20221367,active,2022-6-4 7:48:33
20221368,John Josuah,Pamintuan,avatar_0.png,09091234562,pamintuan john josuah.cs@gmail.com,Pamintuan20221368,active,2022-6-4 7:48:34
20221375,John Philip,Bulaclac,avatar_0.png,09091234563,bulaclac john philip.cs@gmail.com,Bulaclac20221375,active,2022-6-4 7:48:35
20221382,Karl Eduard,Viana,avatar_0.png,09091234561,viana karl eduard.cs@gmail.com,Viana20221382,active,2022-6-4 7:48:36
